種類,名前,内容
TABLE,cook_logs,"id uuid NOT NULL DEFAULT gen_random_uuid()
household_id uuid NOT NULL
recipe_id uuid NOT NULL
cooked_on date NOT NULL DEFAULT CURRENT_DATE
cooked_by uuid
created_at timestamp with time zone NOT NULL DEFAULT now()"
TABLE,household_members,"household_id uuid NOT NULL
user_id uuid NOT NULL
role text
joined_at timestamp with time zone NOT NULL DEFAULT now()"
TABLE,households,"id uuid NOT NULL DEFAULT gen_random_uuid()
name text
created_by uuid
created_at timestamp with time zone NOT NULL DEFAULT now()
shopping_category_order text[]"
TABLE,ingredient_master,"id uuid NOT NULL DEFAULT gen_random_uuid()
household_id uuid NOT NULL
ingredient_name text NOT NULL
category text NOT NULL
default_unit text
usual_product_name text
store_name text
note text
created_by uuid
created_at timestamp with time zone NOT NULL DEFAULT now()
updated_at timestamp with time zone NOT NULL DEFAULT now()
brand_name text
unit_weight_g numeric
price_per_100g numeric
nutrition_source text DEFAULT 'ai_estimate'::text
calorie_per_100g numeric
protein_g_per_100g numeric
fat_g_per_100g numeric
carbohydrate_g_per_100g numeric
sugar_g_per_100g numeric
dietary_fiber_g_per_100g numeric
salt_g_per_100g numeric
vitamin_a_ug_per_100g numeric
vitamin_b1_mg_per_100g numeric
vitamin_b2_mg_per_100g numeric
vitamin_c_mg_per_100g numeric
vitamin_d_ug_per_100g numeric
vitamin_e_mg_per_100g numeric
calcium_mg_per_100g numeric
iron_mg_per_100g numeric
zinc_mg_per_100g numeric
potassium_mg_per_100g numeric
vitamin_b6_mg_per_100g numeric
vitamin_b12_ug_per_100g numeric
folate_ug_per_100g numeric
magnesium_mg_per_100g numeric
peak_season_months integer[]
usual_product_image_path text"
TABLE,ingredient_units,"id uuid NOT NULL DEFAULT gen_random_uuid()
ingredient_master_id uuid NOT NULL
unit text NOT NULL
weight_g numeric NOT NULL
is_default boolean NOT NULL DEFAULT false
sort_order integer NOT NULL DEFAULT 0
created_at timestamp with time zone NOT NULL DEFAULT now()"
TABLE,ingredients,"id uuid NOT NULL DEFAULT gen_random_uuid()
recipe_id uuid NOT NULL
sort_order integer NOT NULL DEFAULT 0
ingredient_master_id uuid
ingredient_name text NOT NULL
quantity text
unit text
note text
preparation text
step_id uuid
group_label text"
TABLE,profiles,"id uuid NOT NULL
display_name text
created_at timestamp with time zone NOT NULL DEFAULT now()"
TABLE,recipe_nutrition_before,"recipe_id uuid
servings integer
ingredient_count integer
unresolved_count integer
calorie_per_serving numeric
protein_g_per_serving numeric
fat_g_per_serving numeric
carbohydrate_g_per_serving numeric
sugar_g_per_serving numeric
dietary_fiber_g_per_serving numeric
salt_g_per_serving numeric
vitamin_a_ug_per_serving numeric
vitamin_b1_mg_per_serving numeric
vitamin_b2_mg_per_serving numeric
vitamin_b6_mg_per_serving numeric
vitamin_b12_ug_per_serving numeric
folate_ug_per_serving numeric
vitamin_c_mg_per_serving numeric
vitamin_d_ug_per_serving numeric
vitamin_e_mg_per_serving numeric
calcium_mg_per_serving numeric
iron_mg_per_serving numeric
zinc_mg_per_serving numeric
potassium_mg_per_serving numeric
magnesium_mg_per_serving numeric
price_per_serving numeric"
TABLE,recipes,"id uuid NOT NULL DEFAULT gen_random_uuid()
household_id uuid NOT NULL
dish_name text NOT NULL
genre text
category text
source_type text
source_name text NOT NULL
source_url text
source_detail text
servings integer NOT NULL DEFAULT 4
original_servings integer
calories_per_serving numeric
cost_per_serving integer
image_path text
is_planned boolean NOT NULL DEFAULT false
planned_by uuid
planned_at timestamp with time zone
registration_method text NOT NULL
created_by uuid
updated_by uuid
created_at timestamp with time zone NOT NULL DEFAULT now()
updated_at timestamp with time zone NOT NULL DEFAULT now()
cooking_time_minutes integer
cook_count integer NOT NULL DEFAULT 0
plan_confirmed boolean NOT NULL DEFAULT false"
TABLE,shopping_items,"id uuid NOT NULL DEFAULT gen_random_uuid()
shopping_list_id uuid NOT NULL
ingredient_master_id uuid
recipe_id uuid
item_name text NOT NULL
quantity text
unit text
is_checked boolean NOT NULL DEFAULT false
checked_by uuid
checked_at timestamp with time zone
created_by uuid
updated_by uuid
category text NOT NULL DEFAULT 'その他'::text
sort_order double precision NOT NULL DEFAULT 0
note text
created_at timestamp with time zone NOT NULL DEFAULT now()"
TABLE,shopping_lists,"id uuid NOT NULL DEFAULT gen_random_uuid()
household_id uuid NOT NULL
title text
created_by uuid
created_at timestamp with time zone NOT NULL DEFAULT now()
updated_at timestamp with time zone NOT NULL DEFAULT now()"
TABLE,steps,"id uuid NOT NULL DEFAULT gen_random_uuid()
recipe_id uuid NOT NULL
step_number integer NOT NULL
step_name text
description text
tip text"
CONSTRAINT,cook_logs,"cook_logs_cooked_by_fkey: FOREIGN KEY (cooked_by) REFERENCES profiles(id)
cook_logs_household_id_fkey: FOREIGN KEY (household_id) REFERENCES households(id) ON DELETE CASCADE
cook_logs_recipe_id_fkey: FOREIGN KEY (recipe_id) REFERENCES recipes(id) ON DELETE CASCADE
cook_logs_pkey: PRIMARY KEY (id)"
CONSTRAINT,household_members,"household_members_household_id_fkey: FOREIGN KEY (household_id) REFERENCES households(id) ON DELETE CASCADE
household_members_user_id_fkey: FOREIGN KEY (user_id) REFERENCES profiles(id) ON DELETE CASCADE
household_members_pkey: PRIMARY KEY (household_id, user_id)"
CONSTRAINT,households,"households_created_by_fkey: FOREIGN KEY (created_by) REFERENCES profiles(id)
households_pkey: PRIMARY KEY (id)"
CONSTRAINT,ingredient_master,"ingredient_master_category_check: CHECK ((category = ANY (ARRAY['野菜'::text, '肉'::text, '魚介'::text, '乳製品・卵'::text, '調味料'::text, '穀物・麺'::text, 'その他'::text, '日用品'::text])))
ingredient_master_nutrition_source_check: CHECK ((nutrition_source = ANY (ARRAY['standard_table'::text, 'label'::text, 'ai_estimate'::text])))
ingredient_master_created_by_fkey: FOREIGN KEY (created_by) REFERENCES profiles(id)
ingredient_master_household_id_fkey: FOREIGN KEY (household_id) REFERENCES households(id) ON DELETE CASCADE
ingredient_master_pkey: PRIMARY KEY (id)
ingredient_master_household_id_ingredient_name_key: UNIQUE (household_id, ingredient_name)"
CONSTRAINT,ingredient_units,"ingredient_units_weight_g_check: CHECK ((weight_g > (0)::numeric))
ingredient_units_ingredient_master_id_fkey: FOREIGN KEY (ingredient_master_id) REFERENCES ingredient_master(id) ON DELETE CASCADE
ingredient_units_pkey: PRIMARY KEY (id)
ingredient_units_ingredient_master_id_unit_key: UNIQUE (ingredient_master_id, unit)"
CONSTRAINT,ingredients,"ingredients_group_label_chk: CHECK (((group_label IS NULL) OR (group_label ~ '^[A-Z]$'::text)))
ingredients_ingredient_master_id_fkey: FOREIGN KEY (ingredient_master_id) REFERENCES ingredient_master(id) ON DELETE SET NULL
ingredients_recipe_id_fkey: FOREIGN KEY (recipe_id) REFERENCES recipes(id) ON DELETE CASCADE
ingredients_step_fk: FOREIGN KEY (step_id, recipe_id) REFERENCES steps(id, recipe_id) ON DELETE SET NULL (step_id)
ingredients_pkey: PRIMARY KEY (id)"
CONSTRAINT,profiles,"profiles_id_fkey: FOREIGN KEY (id) REFERENCES auth.users(id) ON DELETE CASCADE
profiles_pkey: PRIMARY KEY (id)"
CONSTRAINT,recipes,"recipes_cook_count_check: CHECK ((cook_count >= 0))
recipes_cooking_time_minutes_check: CHECK (((cooking_time_minutes IS NULL) OR (cooking_time_minutes >= 0)))
recipes_registration_method_check: CHECK ((registration_method = ANY (ARRAY['ai'::text, 'excel_csv'::text, 'manual'::text])))
recipes_source_type_check: CHECK ((source_type = ANY (ARRAY['Webサイト'::text, '動画'::text, '書籍・雑誌'::text, 'テレビ'::text, '自作'::text, 'その他'::text])))
recipes_created_by_fkey: FOREIGN KEY (created_by) REFERENCES profiles(id)
recipes_household_id_fkey: FOREIGN KEY (household_id) REFERENCES households(id) ON DELETE CASCADE
recipes_planned_by_fkey: FOREIGN KEY (planned_by) REFERENCES profiles(id)
recipes_updated_by_fkey: FOREIGN KEY (updated_by) REFERENCES profiles(id)
recipes_pkey: PRIMARY KEY (id)
recipes_household_id_dish_name_source_name_key: UNIQUE (household_id, dish_name, source_name)"
CONSTRAINT,shopping_items,"shopping_items_checked_by_fkey: FOREIGN KEY (checked_by) REFERENCES profiles(id)
shopping_items_created_by_fkey: FOREIGN KEY (created_by) REFERENCES profiles(id)
shopping_items_ingredient_master_id_fkey: FOREIGN KEY (ingredient_master_id) REFERENCES ingredient_master(id) ON DELETE SET NULL
shopping_items_recipe_id_fkey: FOREIGN KEY (recipe_id) REFERENCES recipes(id) ON DELETE SET NULL
shopping_items_shopping_list_id_fkey: FOREIGN KEY (shopping_list_id) REFERENCES shopping_lists(id) ON DELETE CASCADE
shopping_items_updated_by_fkey: FOREIGN KEY (updated_by) REFERENCES profiles(id)
shopping_items_pkey: PRIMARY KEY (id)"
CONSTRAINT,shopping_lists,"shopping_lists_created_by_fkey: FOREIGN KEY (created_by) REFERENCES profiles(id)
shopping_lists_household_id_fkey: FOREIGN KEY (household_id) REFERENCES households(id) ON DELETE CASCADE
shopping_lists_pkey: PRIMARY KEY (id)"
CONSTRAINT,steps,"steps_recipe_id_fkey: FOREIGN KEY (recipe_id) REFERENCES recipes(id) ON DELETE CASCADE
steps_pkey: PRIMARY KEY (id)
steps_id_recipe_key: UNIQUE (id, recipe_id)"
INDEX,cook_logs,"CREATE UNIQUE INDEX cook_logs_pkey ON public.cook_logs USING btree (id)
CREATE INDEX cook_logs_recipe_idx ON public.cook_logs USING btree (recipe_id, cooked_on DESC)"
INDEX,household_members,"CREATE UNIQUE INDEX household_members_pkey ON public.household_members USING btree (household_id, user_id)"
INDEX,households,CREATE UNIQUE INDEX households_pkey ON public.households USING btree (id)
INDEX,ingredient_master,"CREATE INDEX idx_ingredient_master_hh ON public.ingredient_master USING btree (household_id)
CREATE UNIQUE INDEX ingredient_master_household_id_ingredient_name_key ON public.ingredient_master USING btree (household_id, ingredient_name)
CREATE UNIQUE INDEX ingredient_master_pkey ON public.ingredient_master USING btree (id)"
INDEX,ingredient_units,"CREATE UNIQUE INDEX ingredient_units_ingredient_master_id_unit_key ON public.ingredient_units USING btree (ingredient_master_id, unit)
CREATE UNIQUE INDEX ingredient_units_one_default ON public.ingredient_units USING btree (ingredient_master_id) WHERE is_default
CREATE UNIQUE INDEX ingredient_units_pkey ON public.ingredient_units USING btree (id)"
INDEX,ingredients,"CREATE INDEX idx_ingredients_recipe ON public.ingredients USING btree (recipe_id)
CREATE UNIQUE INDEX ingredients_pkey ON public.ingredients USING btree (id)
CREATE INDEX ingredients_step_id_idx ON public.ingredients USING btree (step_id)"
INDEX,profiles,CREATE UNIQUE INDEX profiles_pkey ON public.profiles USING btree (id)
INDEX,recipes,"CREATE INDEX idx_recipes_household ON public.recipes USING btree (household_id)
CREATE INDEX idx_recipes_is_planned ON public.recipes USING btree (household_id, is_planned)
CREATE UNIQUE INDEX recipes_household_id_dish_name_source_name_key ON public.recipes USING btree (household_id, dish_name, source_name)
CREATE UNIQUE INDEX recipes_pkey ON public.recipes USING btree (id)"
INDEX,shopping_items,"CREATE INDEX idx_shopping_items_list ON public.shopping_items USING btree (shopping_list_id)
CREATE UNIQUE INDEX shopping_items_pkey ON public.shopping_items USING btree (id)"
INDEX,shopping_lists,"CREATE INDEX idx_shopping_lists_hh ON public.shopping_lists USING btree (household_id)
CREATE UNIQUE INDEX shopping_lists_pkey ON public.shopping_lists USING btree (id)"
INDEX,steps,"CREATE INDEX idx_steps_recipe ON public.steps USING btree (recipe_id)
CREATE UNIQUE INDEX steps_id_recipe_key ON public.steps USING btree (id, recipe_id)
CREATE UNIQUE INDEX steps_pkey ON public.steps USING btree (id)"
POLICY,public.cook_logs,"cook_logs_delete / DELETE / USING is_household_member(household_id) / CHECK -
cook_logs_insert / INSERT / USING - / CHECK (is_household_member(household_id) AND (EXISTS ( SELECT 1
   FROM recipes r
  WHERE ((r.id = cook_logs.recipe_id) AND (r.household_id = cook_logs.household_id)))))
cook_logs_select / SELECT / USING is_household_member(household_id) / CHECK -"
POLICY,public.household_members,"household_members_delete / DELETE / USING is_household_member(household_id) / CHECK -
household_members_insert / INSERT / USING - / CHECK (is_household_member(household_id) OR (user_id = auth.uid()))
household_members_select / SELECT / USING is_household_member(household_id) / CHECK -"
POLICY,public.households,"households_insert / INSERT / USING - / CHECK (auth.uid() IS NOT NULL)
households_select / SELECT / USING is_household_member(id) / CHECK -
households_update / UPDATE / USING is_household_member(id) / CHECK -"
POLICY,public.ingredient_master,"ingredient_master_delete / DELETE / USING is_household_member(household_id) / CHECK -
ingredient_master_insert / INSERT / USING - / CHECK is_household_member(household_id)
ingredient_master_select / SELECT / USING is_household_member(household_id) / CHECK -
ingredient_master_update / UPDATE / USING is_household_member(household_id) / CHECK -"
POLICY,public.ingredient_units,"ingredient_units_delete / DELETE / USING (EXISTS ( SELECT 1
   FROM ingredient_master m
  WHERE ((m.id = ingredient_units.ingredient_master_id) AND is_household_member(m.household_id)))) / CHECK -
ingredient_units_insert / INSERT / USING - / CHECK (EXISTS ( SELECT 1
   FROM ingredient_master m
  WHERE ((m.id = ingredient_units.ingredient_master_id) AND is_household_member(m.household_id))))
ingredient_units_select / SELECT / USING (EXISTS ( SELECT 1
   FROM ingredient_master m
  WHERE ((m.id = ingredient_units.ingredient_master_id) AND is_household_member(m.household_id)))) / CHECK -
ingredient_units_update / UPDATE / USING (EXISTS ( SELECT 1
   FROM ingredient_master m
  WHERE ((m.id = ingredient_units.ingredient_master_id) AND is_household_member(m.household_id)))) / CHECK -"
POLICY,public.ingredients,"ingredients_delete / DELETE / USING (EXISTS ( SELECT 1
   FROM recipes r
  WHERE ((r.id = ingredients.recipe_id) AND is_household_member(r.household_id)))) / CHECK -
ingredients_insert / INSERT / USING - / CHECK (EXISTS ( SELECT 1
   FROM recipes r
  WHERE ((r.id = ingredients.recipe_id) AND is_household_member(r.household_id))))
ingredients_select / SELECT / USING (EXISTS ( SELECT 1
   FROM recipes r
  WHERE ((r.id = ingredients.recipe_id) AND is_household_member(r.household_id)))) / CHECK -
ingredients_update / UPDATE / USING (EXISTS ( SELECT 1
   FROM recipes r
  WHERE ((r.id = ingredients.recipe_id) AND is_household_member(r.household_id)))) / CHECK -"
POLICY,public.profiles,"profiles_select_own / SELECT / USING (id = auth.uid()) / CHECK -
profiles_update_own / UPDATE / USING (id = auth.uid()) / CHECK -"
POLICY,public.recipes,"recipes_delete / DELETE / USING is_household_member(household_id) / CHECK -
recipes_insert / INSERT / USING - / CHECK is_household_member(household_id)
recipes_select / SELECT / USING is_household_member(household_id) / CHECK -
recipes_update / UPDATE / USING is_household_member(household_id) / CHECK -"
POLICY,public.shopping_items,"shopping_items_delete / DELETE / USING (EXISTS ( SELECT 1
   FROM shopping_lists sl
  WHERE ((sl.id = shopping_items.shopping_list_id) AND is_household_member(sl.household_id)))) / CHECK -
shopping_items_insert / INSERT / USING - / CHECK (EXISTS ( SELECT 1
   FROM shopping_lists sl
  WHERE ((sl.id = shopping_items.shopping_list_id) AND is_household_member(sl.household_id))))
shopping_items_select / SELECT / USING (EXISTS ( SELECT 1
   FROM shopping_lists sl
  WHERE ((sl.id = shopping_items.shopping_list_id) AND is_household_member(sl.household_id)))) / CHECK -
shopping_items_update / UPDATE / USING (EXISTS ( SELECT 1
   FROM shopping_lists sl
  WHERE ((sl.id = shopping_items.shopping_list_id) AND is_household_member(sl.household_id)))) / CHECK -"
POLICY,public.shopping_lists,"shopping_lists_delete / DELETE / USING is_household_member(household_id) / CHECK -
shopping_lists_insert / INSERT / USING - / CHECK is_household_member(household_id)
shopping_lists_select / SELECT / USING is_household_member(household_id) / CHECK -
shopping_lists_update / UPDATE / USING is_household_member(household_id) / CHECK -"
POLICY,public.steps,"steps_delete / DELETE / USING (EXISTS ( SELECT 1
   FROM recipes r
  WHERE ((r.id = steps.recipe_id) AND is_household_member(r.household_id)))) / CHECK -
steps_insert / INSERT / USING - / CHECK (EXISTS ( SELECT 1
   FROM recipes r
  WHERE ((r.id = steps.recipe_id) AND is_household_member(r.household_id))))
steps_select / SELECT / USING (EXISTS ( SELECT 1
   FROM recipes r
  WHERE ((r.id = steps.recipe_id) AND is_household_member(r.household_id)))) / CHECK -
steps_update / UPDATE / USING (EXISTS ( SELECT 1
   FROM recipes r
  WHERE ((r.id = steps.recipe_id) AND is_household_member(r.household_id)))) / CHECK -"
POLICY,storage.objects,"household members can delete recipe images / DELETE / USING ((bucket_id = 'recipe-images'::text) AND (((storage.foldername(name))[1])::uuid IN ( SELECT household_members.household_id
   FROM household_members
  WHERE (household_members.user_id = auth.uid())))) / CHECK -
household members can read recipe images / SELECT / USING ((bucket_id = 'recipe-images'::text) AND (((storage.foldername(name))[1])::uuid IN ( SELECT household_members.household_id
   FROM household_members
  WHERE (household_members.user_id = auth.uid())))) / CHECK -
household members can update recipe images / UPDATE / USING ((bucket_id = 'recipe-images'::text) AND (((storage.foldername(name))[1])::uuid IN ( SELECT household_members.household_id
   FROM household_members
  WHERE (household_members.user_id = auth.uid())))) / CHECK -
household members can upload recipe images / INSERT / USING - / CHECK ((bucket_id = 'recipe-images'::text) AND (((storage.foldername(name))[1])::uuid IN ( SELECT household_members.household_id
   FROM household_members
  WHERE (household_members.user_id = auth.uid()))))"
VIEW,recipe_nutrition,"-- options: security_invoker=true
 WITH lines AS (
         SELECT i.recipe_id,
                CASE
                    WHEN (m.id IS NULL) THEN NULL::numeric
                    WHEN (parse_qty(i.quantity) IS NULL) THEN NULL::numeric
                    WHEN (i.unit = ANY (ARRAY['g'::text, 'ｇ'::text, 'グラム'::text])) THEN parse_qty(i.quantity)
                    WHEN (u.weight_g IS NOT NULL) THEN (parse_qty(i.quantity) * u.weight_g)
                    ELSE NULL::numeric
                END AS grams,
            ((btrim(COALESCE(i.quantity, ''::text)) = ''::text) OR (i.quantity ~ '^(少々|適量|適宜|ひとつまみ)'::text)) AS negligible,
            m.calorie_per_100g,
            m.protein_g_per_100g,
            m.fat_g_per_100g,
            m.carbohydrate_g_per_100g,
            m.sugar_g_per_100g,
            m.dietary_fiber_g_per_100g,
            m.salt_g_per_100g,
            m.vitamin_a_ug_per_100g,
            m.vitamin_b1_mg_per_100g,
            m.vitamin_b2_mg_per_100g,
            m.vitamin_b6_mg_per_100g,
            m.vitamin_b12_ug_per_100g,
            m.folate_ug_per_100g,
            m.vitamin_c_mg_per_100g,
            m.vitamin_d_ug_per_100g,
            m.vitamin_e_mg_per_100g,
            m.calcium_mg_per_100g,
            m.iron_mg_per_100g,
            m.zinc_mg_per_100g,
            m.potassium_mg_per_100g,
            m.magnesium_mg_per_100g,
            m.price_per_100g
           FROM ((ingredients i
             LEFT JOIN ingredient_master m ON ((m.id = i.ingredient_master_id)))
             LEFT JOIN ingredient_units u ON (((u.ingredient_master_id = m.id) AND (u.unit = i.unit))))
        )
 SELECT r.id AS recipe_id,
    r.servings,
    (count(l.recipe_id))::integer AS ingredient_count,
    (count(*) FILTER (WHERE ((l.recipe_id IS NOT NULL) AND (l.grams IS NULL) AND (NOT l.negligible))))::integer AS unresolved_count,
    round((sum(((l.grams / (100)::numeric) * l.calorie_per_100g)) / (NULLIF(r.servings, 0))::numeric), 0) AS calorie_per_serving,
    round((sum(((l.grams / (100)::numeric) * l.protein_g_per_100g)) / (NULLIF(r.servings, 0))::numeric), 2) AS protein_g_per_serving,
    round((sum(((l.grams / (100)::numeric) * l.fat_g_per_100g)) / (NULLIF(r.servings, 0))::numeric), 2) AS fat_g_per_serving,
    round((sum(((l.grams / (100)::numeric) * l.carbohydrate_g_per_100g)) / (NULLIF(r.servings, 0))::numeric), 2) AS carbohydrate_g_per_serving,
    round((sum(((l.grams / (100)::numeric) * l.sugar_g_per_100g)) / (NULLIF(r.servings, 0))::numeric), 2) AS sugar_g_per_serving,
    round((sum(((l.grams / (100)::numeric) * l.dietary_fiber_g_per_100g)) / (NULLIF(r.servings, 0))::numeric), 2) AS dietary_fiber_g_per_serving,
    round((sum(((l.grams / (100)::numeric) * l.salt_g_per_100g)) / (NULLIF(r.servings, 0))::numeric), 2) AS salt_g_per_serving,
    round((sum(((l.grams / (100)::numeric) * l.vitamin_a_ug_per_100g)) / (NULLIF(r.servings, 0))::numeric), 2) AS vitamin_a_ug_per_serving,
    round((sum(((l.grams / (100)::numeric) * l.vitamin_b1_mg_per_100g)) / (NULLIF(r.servings, 0))::numeric), 2) AS vitamin_b1_mg_per_serving,
    round((sum(((l.grams / (100)::numeric) * l.vitamin_b2_mg_per_100g)) / (NULLIF(r.servings, 0))::numeric), 2) AS vitamin_b2_mg_per_serving,
    round((sum(((l.grams / (100)::numeric) * l.vitamin_b6_mg_per_100g)) / (NULLIF(r.servings, 0))::numeric), 2) AS vitamin_b6_mg_per_serving,
    round((sum(((l.grams / (100)::numeric) * l.vitamin_b12_ug_per_100g)) / (NULLIF(r.servings, 0))::numeric), 2) AS vitamin_b12_ug_per_serving,
    round((sum(((l.grams / (100)::numeric) * l.folate_ug_per_100g)) / (NULLIF(r.servings, 0))::numeric), 2) AS folate_ug_per_serving,
    round((sum(((l.grams / (100)::numeric) * l.vitamin_c_mg_per_100g)) / (NULLIF(r.servings, 0))::numeric), 2) AS vitamin_c_mg_per_serving,
    round((sum(((l.grams / (100)::numeric) * l.vitamin_d_ug_per_100g)) / (NULLIF(r.servings, 0))::numeric), 2) AS vitamin_d_ug_per_serving,
    round((sum(((l.grams / (100)::numeric) * l.vitamin_e_mg_per_100g)) / (NULLIF(r.servings, 0))::numeric), 2) AS vitamin_e_mg_per_serving,
    round((sum(((l.grams / (100)::numeric) * l.calcium_mg_per_100g)) / (NULLIF(r.servings, 0))::numeric), 2) AS calcium_mg_per_serving,
    round((sum(((l.grams / (100)::numeric) * l.iron_mg_per_100g)) / (NULLIF(r.servings, 0))::numeric), 2) AS iron_mg_per_serving,
    round((sum(((l.grams / (100)::numeric) * l.zinc_mg_per_100g)) / (NULLIF(r.servings, 0))::numeric), 2) AS zinc_mg_per_serving,
    round((sum(((l.grams / (100)::numeric) * l.potassium_mg_per_100g)) / (NULLIF(r.servings, 0))::numeric), 2) AS potassium_mg_per_serving,
    round((sum(((l.grams / (100)::numeric) * l.magnesium_mg_per_100g)) / (NULLIF(r.servings, 0))::numeric), 2) AS magnesium_mg_per_serving,
    round((sum(((l.grams / (100)::numeric) * l.price_per_100g)) / (NULLIF(r.servings, 0))::numeric), 0) AS price_per_serving
   FROM (recipes r
     LEFT JOIN lines l ON ((l.recipe_id = r.id)))
  GROUP BY r.id, r.servings;"
FUNCTION,is_household_member,"CREATE OR REPLACE FUNCTION public.is_household_member(target_household_id uuid)
 RETURNS boolean
 LANGUAGE sql
 STABLE SECURITY DEFINER
 SET search_path TO 'public'
AS $function$
  select exists (
    select 1
    from public.household_members hm
    where hm.household_id = target_household_id
      and hm.user_id = auth.uid()
  );
$function$
"
FUNCTION,parse_qty,"CREATE OR REPLACE FUNCTION public.parse_qty(t text)
 RETURNS numeric
 LANGUAGE sql
 IMMUTABLE
AS $function$
  select case
    when t is null then null
    when btrim(t) ~ '^[0-9]+(\.[0-9]+)?$' then btrim(t)::numeric
    when btrim(t) ~ '^[0-9]+/[0-9]+$'
      then split_part(btrim(t), '/', 1)::numeric / nullif(split_part(btrim(t), '/', 2)::numeric, 0)
    else null
  end
$function$
"
FUNCTION,rls_auto_enable,"CREATE OR REPLACE FUNCTION public.rls_auto_enable()
 RETURNS event_trigger
 LANGUAGE plpgsql
 SECURITY DEFINER
 SET search_path TO 'pg_catalog'
AS $function$
DECLARE
  cmd record;
BEGIN
  FOR cmd IN
    SELECT *
    FROM pg_event_trigger_ddl_commands()
    WHERE command_tag IN ('CREATE TABLE', 'CREATE TABLE AS', 'SELECT INTO')
      AND object_type IN ('table','partitioned table')
  LOOP
     IF cmd.schema_name IS NOT NULL AND cmd.schema_name IN ('public') AND cmd.schema_name NOT IN ('pg_catalog','information_schema') AND cmd.schema_name NOT LIKE 'pg_toast%' AND cmd.schema_name NOT LIKE 'pg_temp%' THEN
      BEGIN
        EXECUTE format('alter table if exists %s enable row level security', cmd.object_identity);
        RAISE LOG 'rls_auto_enable: enabled RLS on %', cmd.object_identity;
      EXCEPTION
        WHEN OTHERS THEN
          RAISE LOG 'rls_auto_enable: failed to enable RLS on %', cmd.object_identity;
      END;
     ELSE
        RAISE LOG 'rls_auto_enable: skip % (either system schema or not in enforced list: %.)', cmd.object_identity, cmd.schema_name;
     END IF;
  END LOOP;
END;
$function$
"
FUNCTION,set_updated_at,"CREATE OR REPLACE FUNCTION public.set_updated_at()
 RETURNS trigger
 LANGUAGE plpgsql
AS $function$
begin
  new.updated_at = now();
  return new;
end;
$function$
"